algo,hour,min,sec
KNeighborsClassifier,0.0,14.0,54.63384238799995
daal4py_KNeighborsClassifier,0.0,5.0,15.588813095999967
KNeighborsClassifier_kd_tree,0.0,8.0,24.953571712999974
daal4py_KNeighborsClassifier_kd_tree,0.0,2.0,12.848247136000055
KMeans,0.0,12.0,39.45037856399995
daal4py_KMeans,0.0,8.0,15.141857370999787
total,0.0,51.0,42.66756670899986
