algo,hour,min,sec
KNeighborsClassifier,0.0,14.0,7.3006648169999835
daal4py_KNeighborsClassifier,0.0,5.0,26.18289039199999
KNeighborsClassifier_kd_tree,0.0,6.0,53.74881359300002
daal4py_KNeighborsClassifier_kd_tree,0.0,1.0,49.397822815000154
KMeans,0.0,12.0,38.28557977000014
daal4py_KMeans,0.0,8.0,25.784580892999656
total,0.0,49.0,20.75192472200024
