algo,hour,min,sec
KNeighborsClassifier,0.0,14.0,0.12527878900004907
daal4py_KNeighborsClassifier,0.0,3.0,27.38679167300006
KNeighborsClassifier_kd_tree,0.0,7.0,1.5501471649999985
daal4py_KNeighborsClassifier_kd_tree,0.0,1.0,44.694987010000204
KMeans,0.0,10.0,22.159977621000053
daal4py_KMeans,0.0,7.0,3.8435631289999037
total,0.0,43.0,39.80356956500009
