algo,hour,min,sec
KNeighborsClassifier,0.0,14.0,26.297291846000007
daal4py_KNeighborsClassifier,0.0,5.0,23.461941615000114
KNeighborsClassifier_kd_tree,0.0,6.0,58.527925804999995
daal4py_KNeighborsClassifier_kd_tree,0.0,1.0,54.933760772999904
KMeans,0.0,12.0,31.843037779000042
daal4py_KMeans,0.0,8.0,27.2171046870003
total,0.0,49.0,42.33152288600013
