estimator,lib,function,mean_time_elapsed,std_time_elapsed,n_samples,n_features,algorithm,n_jobs,n_neighbors,accuracy_score
KNeighborsClassifier,daal4py,fit,0.0796717567,0.006610967478569656,1000000,2,brute,-1,1,
KNeighborsClassifier,daal4py,predict,0.0036123070000001257,0.001149670806609685,1,2,brute,-1,1,1.0
KNeighborsClassifier,daal4py,fit,0.0866767763000003,0.004029119752086485,1000000,2,brute,-1,5,
KNeighborsClassifier,daal4py,predict,0.003532921199999972,0.0008251040991000508,1,2,brute,-1,5,1.0
KNeighborsClassifier,daal4py,fit,0.08556742120000012,0.0018408483618128546,1000000,2,brute,1,1,
KNeighborsClassifier,daal4py,predict,0.002859871599999941,0.00021488694279098522,1,2,brute,1,1,1.0
KNeighborsClassifier,daal4py,fit,0.08531197570000018,0.0027384256381151654,1000000,2,brute,1,5,
KNeighborsClassifier,daal4py,predict,0.0035783815999996804,0.00047088637869194526,1,2,brute,1,5,1.0
