,skl_time,d4p_time,speedup,n_samples,n_features,algo,dataset_name,input_type
0,13.373032331466675,2.808866262435913,4.761007140250698,16384,32,SVC-Linear,classification,numpy
1,711.0488939285278,42.88509249687195,16.580327860558818,16384,256,SVC-Linear,classification,numpy
2,8.770061492919922,0.4129962921142578,21.235206369585597,16384,32,SVC-RBF,classification,numpy
3,71.97186470031738,0.7305788993835449,98.51347302946542,16384,256,SVC-RBF,classification,numpy
