,skl_time,d4p_time,speedup,n_samples,n_features,algo,dataset_name,input_type
0,1.814229965209961,0.047627925872802734,38.09172732096553,16384,32,DBSCAN,blobs,numpy
1,1.9788830280303955,0.2663257122039795,7.430311597232356,16384,256,DBSCAN,blobs,numpy
2,28.56185007095337,0.6951303482055664,41.088480951355265,65536,32,DBSCAN,blobs,numpy
3,32.25771498680115,4.001389980316162,8.061627370859854,65536,256,DBSCAN,blobs,numpy
