,skl_time,d4p_time,speedup,n_samples,n_features,n_neighbors,n_jobs,algo,dataset_name,input_type
0,7.720711946487427,7.67231822013855,1.0063075754889639,16384,32,5,-1,NearestNeighbors,blobs,numpy
1,7.248972415924072,7.269069671630859,0.9972352368852343,16384,256,5,-1,NearestNeighbors,blobs,numpy
2,114.27420139312744,114.45867013931274,0.9983883375024297,65536,32,5,-1,NearestNeighbors,blobs,numpy
3,115.00989842414856,115.26747798919678,0.9977653751991316,65536,256,5,-1,NearestNeighbors,blobs,numpy
4,9.711296558380127,9.70121169090271,1.001039547202838,16384,32,1024,-1,NearestNeighbors,blobs,numpy
5,9.382966041564941,9.362306594848633,1.00220666205566,16384,256,1024,-1,NearestNeighbors,blobs,numpy
6,123.19919848442078,123.14174056053162,1.0004665999004694,65536,32,1024,-1,NearestNeighbors,blobs,numpy
7,124.14237713813782,124.21377897262573,0.9994251697752176,65536,256,1024,-1,NearestNeighbors,blobs,numpy
