,skl_time,d4p_time,speedup,n_samples,n_features,n_jobs,algo,dataset_name,input_type
0,53.492783069610596,57.45277714729309,0.9310739310733377,16384,32,-1,TSNE,blobs,numpy
1,72.84914875030518,78.10291862487793,0.932732733077413,16384,256,-1,TSNE,blobs,numpy
2,294.54123878479004,298.30386781692505,0.9873865898566082,65536,32,-1,TSNE,blobs,numpy
3,317.5707492828369,422.5188250541687,0.7516132547280538,65536,256,-1,TSNE,blobs,numpy
