,skl_time,d4p_time,speedup,n_samples,n_features,svd_solver,n_components,algo,dataset_name,input_type
0,0.01104116439819336,0.015490293502807617,0.7127795477982485,1024,128,full,10,PCA,blobs,numpy
1,0.03096795082092285,0.05781674385070801,0.5356225335153257,1024,256,full,10,PCA,blobs,numpy
2,0.021021127700805664,0.021095991134643555,0.996451295729123,4096,128,full,10,PCA,blobs,numpy
3,0.059752464294433594,0.0980672836303711,0.6093006972605537,4096,256,full,10,PCA,blobs,numpy
4,0.011378765106201172,0.015961885452270508,0.7128709913516259,1024,128,full,100,PCA,blobs,numpy
5,0.03391575813293457,0.05834817886352539,0.5812650676255465,1024,256,full,100,PCA,blobs,numpy
6,0.023027658462524414,0.021901607513427734,1.0514140776381964,4096,128,full,100,PCA,blobs,numpy
7,0.05955624580383301,0.09393477439880371,0.6340170206933661,4096,256,full,100,PCA,blobs,numpy
