estimator,function,mean,stdev,n_samples_train,n_samples,n_features,hyperparams_digest,dataset_digest,alpha,copy_X,fit_intercept,max_iter,normalize,random_state,solver,tol,n_iter
Ridge,fit,0.02892696539993267,0.0008204271013753347,1000,1000,1000,3bb02a1188eee1cdf3bfd0c2d57fd304,df66213c5388dbfe0e8eecb90f7b3609,1.0,True,True,,False,,auto,0.001,
Ridge,predict,0.0001338851001492003,5.72912292117674e-05,1000,1,1000,3bb02a1188eee1cdf3bfd0c2d57fd304,df66213c5388dbfe0e8eecb90f7b3609,1.0,True,True,,False,,auto,0.001,
Ridge,predict,0.0003880544999901758,0.00015309938424365102,1000,100,1000,3bb02a1188eee1cdf3bfd0c2d57fd304,df66213c5388dbfe0e8eecb90f7b3609,1.0,True,True,,False,,auto,0.001,
Ridge,fit,0.005864897999890673,0.003655928349986046,10000,10000,100,3bb02a1188eee1cdf3bfd0c2d57fd304,03fc9030cf245327135773e50bf5cf0a,1.0,True,True,,False,,auto,0.001,
Ridge,predict,0.0001195343999825127,5.869341605926339e-05,10000,1,100,3bb02a1188eee1cdf3bfd0c2d57fd304,03fc9030cf245327135773e50bf5cf0a,1.0,True,True,,False,,auto,0.001,
Ridge,predict,0.0004350462000729749,0.00032036027223515494,10000,1000,100,3bb02a1188eee1cdf3bfd0c2d57fd304,03fc9030cf245327135773e50bf5cf0a,1.0,True,True,,False,,auto,0.001,
