estimator,function,mean,stdev,n_samples_train,n_samples,n_features,hyperparams_digest,dataset_digest,C,class_weight,dual,fit_intercept,intercept_scaling,l1_ratio,max_iter,multi_class,n_jobs,penalty,random_state,solver,tol,verbose,warm_start,n_iter
LogisticRegression,fit,11.491814871666824,0.016448886092000483,1000000,1000000,100,f11be2529b0a77bc8fb5ee8de141e6b2,c5fdb575b370d3fe0ae44cf1690bcfb1,1.0,,False,True,1,,100,auto,,l2,,lbfgs,0.0001,0,False,[20]
LogisticRegression,predict,0.00021738389996244222,0.00011959565669604402,1000000,1,100,f11be2529b0a77bc8fb5ee8de141e6b2,c5fdb575b370d3fe0ae44cf1690bcfb1,1.0,,False,True,1,,100,auto,,l2,,lbfgs,0.0001,0,False,
LogisticRegression,predict,0.0004586193999784882,0.0001808028811806765,1000000,1000,100,f11be2529b0a77bc8fb5ee8de141e6b2,c5fdb575b370d3fe0ae44cf1690bcfb1,1.0,,False,True,1,,100,auto,,l2,,lbfgs,0.0001,0,False,
LogisticRegression,fit,0.7592090820000067,0.04216691210961715,1000,1000,10000,f11be2529b0a77bc8fb5ee8de141e6b2,a4ea4358bc870ac0ef6a8b403f49c4ca,1.0,,False,True,1,,100,auto,,l2,,lbfgs,0.0001,0,False,[26]
LogisticRegression,predict,0.001608683099902919,0.0017094269829479314,1000,1,10000,f11be2529b0a77bc8fb5ee8de141e6b2,a4ea4358bc870ac0ef6a8b403f49c4ca,1.0,,False,True,1,,100,auto,,l2,,lbfgs,0.0001,0,False,
LogisticRegression,predict,0.0032023154000853536,0.00041005622579182193,1000,100,10000,f11be2529b0a77bc8fb5ee8de141e6b2,a4ea4358bc870ac0ef6a8b403f49c4ca,1.0,,False,True,1,,100,auto,,l2,,lbfgs,0.0001,0,False,
