estimator,function,mean,stdev,n_samples_train,n_samples,n_features,hyperparams_digest,dataset_digest,C,class_weight,dual,fit_intercept,intercept_scaling,l1_ratio,max_iter,multi_class,n_jobs,penalty,random_state,solver,tol,verbose,warm_start,n_iter
LogisticRegression,fit,11.02803184100018,0.09392245513722643,1000000,1000000,100,f11be2529b0a77bc8fb5ee8de141e6b2,c5fdb575b370d3fe0ae44cf1690bcfb1,1.0,,False,True,1,,100,auto,,l2,,lbfgs,0.0001,0,False,[20]
LogisticRegression,predict,0.00018611260002217024,0.0001412979716791536,1000000,1,100,f11be2529b0a77bc8fb5ee8de141e6b2,c5fdb575b370d3fe0ae44cf1690bcfb1,1.0,,False,True,1,,100,auto,,l2,,lbfgs,0.0001,0,False,
LogisticRegression,predict,0.00034026470007120224,0.00017493577691342317,1000000,1000,100,f11be2529b0a77bc8fb5ee8de141e6b2,c5fdb575b370d3fe0ae44cf1690bcfb1,1.0,,False,True,1,,100,auto,,l2,,lbfgs,0.0001,0,False,
LogisticRegression,fit,0.7480728608999925,0.019507982471705456,1000,1000,10000,f11be2529b0a77bc8fb5ee8de141e6b2,a4ea4358bc870ac0ef6a8b403f49c4ca,1.0,,False,True,1,,100,auto,,l2,,lbfgs,0.0001,0,False,[26]
LogisticRegression,predict,0.0007516202999795496,0.00022376053570720148,1000,1,10000,f11be2529b0a77bc8fb5ee8de141e6b2,a4ea4358bc870ac0ef6a8b403f49c4ca,1.0,,False,True,1,,100,auto,,l2,,lbfgs,0.0001,0,False,
LogisticRegression,predict,0.002933820300040679,0.000470269750793529,1000,100,10000,f11be2529b0a77bc8fb5ee8de141e6b2,a4ea4358bc870ac0ef6a8b403f49c4ca,1.0,,False,True,1,,100,auto,,l2,,lbfgs,0.0001,0,False,
