estimator,function,mean,stdev,n_samples_train,n_samples,n_features,hyperparams_digest,dataset_digest,C,class_weight,dual,fit_intercept,intercept_scaling,l1_ratio,max_iter,multi_class,n_jobs,penalty,random_state,solver,tol,verbose,warm_start,n_iter
LogisticRegression,fit,11.413584848666838,0.034380501402711885,1000000,1000000,100,f11be2529b0a77bc8fb5ee8de141e6b2,c5fdb575b370d3fe0ae44cf1690bcfb1,1.0,,False,True,1,,100,auto,,l2,,lbfgs,0.0001,0,False,[20]
LogisticRegression,predict,0.00016834019984344196,0.0001348268472404193,1000000,1,100,f11be2529b0a77bc8fb5ee8de141e6b2,c5fdb575b370d3fe0ae44cf1690bcfb1,1.0,,False,True,1,,100,auto,,l2,,lbfgs,0.0001,0,False,
LogisticRegression,predict,0.00035329029997228646,0.00017550186511860894,1000000,1000,100,f11be2529b0a77bc8fb5ee8de141e6b2,c5fdb575b370d3fe0ae44cf1690bcfb1,1.0,,False,True,1,,100,auto,,l2,,lbfgs,0.0001,0,False,
LogisticRegression,fit,0.7925084588999652,0.024676814130750877,1000,1000,10000,f11be2529b0a77bc8fb5ee8de141e6b2,a4ea4358bc870ac0ef6a8b403f49c4ca,1.0,,False,True,1,,100,auto,,l2,,lbfgs,0.0001,0,False,[26]
LogisticRegression,predict,0.001503999600026873,0.0017877957986727623,1000,1,10000,f11be2529b0a77bc8fb5ee8de141e6b2,a4ea4358bc870ac0ef6a8b403f49c4ca,1.0,,False,True,1,,100,auto,,l2,,lbfgs,0.0001,0,False,
LogisticRegression,predict,0.0031379100000322067,0.0004081906092516983,1000,100,10000,f11be2529b0a77bc8fb5ee8de141e6b2,a4ea4358bc870ac0ef6a8b403f49c4ca,1.0,,False,True,1,,100,auto,,l2,,lbfgs,0.0001,0,False,
