estimator,function,mean,stdev,n_samples_train,n_samples,n_features,hyperparams_digest,dataset_digest,C,class_weight,dual,fit_intercept,intercept_scaling,l1_ratio,max_iter,multi_class,n_jobs,penalty,random_state,solver,tol,verbose,warm_start,n_iter
LogisticRegression,fit,0.28147254649998105,0.025055432480741022,1000,1000,1000,f11be2529b0a77bc8fb5ee8de141e6b2,87df8708b64e2831c82c5e60d77c73aa,1.0,,False,True,1,,100,auto,,l2,,lbfgs,0.0001,0,False,[46]
LogisticRegression,predict,0.0004114806999496068,0.00013938185921469356,1000,1,1000,f11be2529b0a77bc8fb5ee8de141e6b2,87df8708b64e2831c82c5e60d77c73aa,1.0,,False,True,1,,100,auto,,l2,,lbfgs,0.0001,0,False,
LogisticRegression,predict,0.0007236764000481344,0.00036410482504927344,1000,100,1000,f11be2529b0a77bc8fb5ee8de141e6b2,87df8708b64e2831c82c5e60d77c73aa,1.0,,False,True,1,,100,auto,,l2,,lbfgs,0.0001,0,False,
LogisticRegression,fit,0.1822131853000883,0.006451102690678655,10000,10000,100,f11be2529b0a77bc8fb5ee8de141e6b2,42d2d17798f0471ec3d5da7cbdf7681d,1.0,,False,True,1,,100,auto,,l2,,lbfgs,0.0001,0,False,[21]
LogisticRegression,predict,0.0003044354000394378,0.00013930862806313957,10000,1,100,f11be2529b0a77bc8fb5ee8de141e6b2,42d2d17798f0471ec3d5da7cbdf7681d,1.0,,False,True,1,,100,auto,,l2,,lbfgs,0.0001,0,False,
LogisticRegression,predict,0.0008091708999927505,0.0007756751760743772,10000,1000,100,f11be2529b0a77bc8fb5ee8de141e6b2,42d2d17798f0471ec3d5da7cbdf7681d,1.0,,False,True,1,,100,auto,,l2,,lbfgs,0.0001,0,False,
