estimator,function,mean,stdev,n_samples_train,n_samples,n_features,hyperparams_digest,dataset_digest,C,class_weight,dual,fit_intercept,intercept_scaling,l1_ratio,max_iter,multi_class,n_jobs,penalty,random_state,solver,tol,verbose,warm_start,n_iter
LogisticRegression,fit,11.380610242666535,0.037382381765454636,1000000,1000000,100,f11be2529b0a77bc8fb5ee8de141e6b2,c5fdb575b370d3fe0ae44cf1690bcfb1,1.0,,False,True,1,,100,auto,,l2,,lbfgs,0.0001,0,False,[20]
LogisticRegression,predict,0.00019189230006304568,0.00016537686992936315,1000000,1,100,f11be2529b0a77bc8fb5ee8de141e6b2,c5fdb575b370d3fe0ae44cf1690bcfb1,1.0,,False,True,1,,100,auto,,l2,,lbfgs,0.0001,0,False,
LogisticRegression,predict,0.00032669379988874424,0.0001435170373372287,1000000,1000,100,f11be2529b0a77bc8fb5ee8de141e6b2,c5fdb575b370d3fe0ae44cf1690bcfb1,1.0,,False,True,1,,100,auto,,l2,,lbfgs,0.0001,0,False,
LogisticRegression,fit,0.792619797099951,0.05595370349662416,1000,1000,10000,f11be2529b0a77bc8fb5ee8de141e6b2,a4ea4358bc870ac0ef6a8b403f49c4ca,1.0,,False,True,1,,100,auto,,l2,,lbfgs,0.0001,0,False,[26]
LogisticRegression,predict,0.0014894272999299574,0.0017547813818693668,1000,1,10000,f11be2529b0a77bc8fb5ee8de141e6b2,a4ea4358bc870ac0ef6a8b403f49c4ca,1.0,,False,True,1,,100,auto,,l2,,lbfgs,0.0001,0,False,
LogisticRegression,predict,0.0031804167999780475,0.00034867878214548314,1000,100,10000,f11be2529b0a77bc8fb5ee8de141e6b2,a4ea4358bc870ac0ef6a8b403f49c4ca,1.0,,False,True,1,,100,auto,,l2,,lbfgs,0.0001,0,False,
