estimator,function,mean,stdev,n_samples_train,n_samples,n_features,hyperparams_digest,dataset_digest,C,class_weight,dual,fit_intercept,intercept_scaling,l1_ratio,max_iter,multi_class,n_jobs,penalty,random_state,solver,tol,verbose,warm_start,n_iter
LogisticRegression,fit,15.714664475500058,0.06438346350000757,1000000,1000000,100,f11be2529b0a77bc8fb5ee8de141e6b2,c5fdb575b370d3fe0ae44cf1690bcfb1,1.0,,False,True,1,,100,auto,,l2,,lbfgs,0.0001,0,False,[20]
LogisticRegression,predict,0.0002915512999607017,0.00013212130599298287,1000000,1,100,f11be2529b0a77bc8fb5ee8de141e6b2,c5fdb575b370d3fe0ae44cf1690bcfb1,1.0,,False,True,1,,100,auto,,l2,,lbfgs,0.0001,0,False,
LogisticRegression,predict,0.0004148417999203957,0.00013601251932587101,1000000,1000,100,f11be2529b0a77bc8fb5ee8de141e6b2,c5fdb575b370d3fe0ae44cf1690bcfb1,1.0,,False,True,1,,100,auto,,l2,,lbfgs,0.0001,0,False,
LogisticRegression,fit,1.2364284835000035,0.021041913833620654,1000,1000,10000,f11be2529b0a77bc8fb5ee8de141e6b2,a4ea4358bc870ac0ef6a8b403f49c4ca,1.0,,False,True,1,,100,auto,,l2,,lbfgs,0.0001,0,False,[27]
LogisticRegression,predict,0.0008270340999388282,0.00015777007682959952,1000,1,10000,f11be2529b0a77bc8fb5ee8de141e6b2,a4ea4358bc870ac0ef6a8b403f49c4ca,1.0,,False,True,1,,100,auto,,l2,,lbfgs,0.0001,0,False,
LogisticRegression,predict,0.004570282199938447,0.0014980087685015923,1000,100,10000,f11be2529b0a77bc8fb5ee8de141e6b2,a4ea4358bc870ac0ef6a8b403f49c4ca,1.0,,False,True,1,,100,auto,,l2,,lbfgs,0.0001,0,False,
