estimator,function,mean,stdev,n_samples_train,n_samples,n_features,hyperparams_digest,dataset_digest,alpha,copy_X,fit_intercept,max_iter,normalize,random_state,solver,tol,n_iter
Ridge,fit,0.8631734150000284,0.010293050340022513,100000,100000,1000,3bb02a1188eee1cdf3bfd0c2d57fd304,d37c097646138a5a83bc8d6188999c86,1.0,True,True,,False,,auto,0.001,
Ridge,predict,0.00011662140004773392,7.495563543496187e-05,100000,1,1000,3bb02a1188eee1cdf3bfd0c2d57fd304,d37c097646138a5a83bc8d6188999c86,1.0,True,True,,False,,auto,0.001,
Ridge,predict,0.0008890605999567925,0.0003940021516600811,100000,1000,1000,3bb02a1188eee1cdf3bfd0c2d57fd304,d37c097646138a5a83bc8d6188999c86,1.0,True,True,,False,,auto,0.001,
Ridge,fit,0.22468072220003704,0.002463377648911151,1000000,1000000,100,3bb02a1188eee1cdf3bfd0c2d57fd304,134e84456290c5258f685d9ffb85a11d,1.0,True,True,,False,,auto,0.001,
Ridge,predict,9.41912000598677e-05,6.491250697155525e-05,1000000,1,100,3bb02a1188eee1cdf3bfd0c2d57fd304,134e84456290c5258f685d9ffb85a11d,1.0,True,True,,False,,auto,0.001,
Ridge,predict,0.00026784320007209315,0.00014884676761267547,1000000,1000,100,3bb02a1188eee1cdf3bfd0c2d57fd304,134e84456290c5258f685d9ffb85a11d,1.0,True,True,,False,,auto,0.001,
