estimator,function,mean,stdev,n_samples_train,n_samples,n_features,hyperparams_digest,dataset_digest,alpha,copy_X,fit_intercept,max_iter,normalize,random_state,solver,tol,n_iter
Ridge,fit,0.034629370299990116,0.0006609093602472701,1000,1000,1000,3bb02a1188eee1cdf3bfd0c2d57fd304,df66213c5388dbfe0e8eecb90f7b3609,1.0,True,True,,False,,auto,0.001,
Ridge,predict,6.589170002371247e-05,5.7677576512400824e-05,1000,1,1000,3bb02a1188eee1cdf3bfd0c2d57fd304,df66213c5388dbfe0e8eecb90f7b3609,1.0,True,True,,False,,auto,0.001,
Ridge,predict,0.00015690389986957597,7.795306262591383e-05,1000,100,1000,3bb02a1188eee1cdf3bfd0c2d57fd304,df66213c5388dbfe0e8eecb90f7b3609,1.0,True,True,,False,,auto,0.001,
Ridge,fit,0.0073165537999557275,0.0006141465889046796,10000,10000,100,3bb02a1188eee1cdf3bfd0c2d57fd304,03fc9030cf245327135773e50bf5cf0a,1.0,True,True,,False,,auto,0.001,
Ridge,predict,6.672169993180433e-05,5.4757613872356835e-05,10000,1,100,3bb02a1188eee1cdf3bfd0c2d57fd304,03fc9030cf245327135773e50bf5cf0a,1.0,True,True,,False,,auto,0.001,
Ridge,predict,0.0001451336999252817,7.714365078898339e-05,10000,1000,100,3bb02a1188eee1cdf3bfd0c2d57fd304,03fc9030cf245327135773e50bf5cf0a,1.0,True,True,,False,,auto,0.001,
