estimator,function,mean,stdev,n_samples_train,n_samples,n_features,hyperparams_digest,dataset_digest,alpha,copy_X,fit_intercept,max_iter,normalize,random_state,solver,tol,n_iter
Ridge,fit,0.03853478429996358,0.0009044511063321561,1000,1000,1000,3bb02a1188eee1cdf3bfd0c2d57fd304,df66213c5388dbfe0e8eecb90f7b3609,1.0,True,True,,False,,auto,0.001,
Ridge,predict,6.261069997890445e-05,5.305073654309611e-05,1000,1,1000,3bb02a1188eee1cdf3bfd0c2d57fd304,df66213c5388dbfe0e8eecb90f7b3609,1.0,True,True,,False,,auto,0.001,
Ridge,predict,0.000165441799981636,7.632419128381777e-05,1000,100,1000,3bb02a1188eee1cdf3bfd0c2d57fd304,df66213c5388dbfe0e8eecb90f7b3609,1.0,True,True,,False,,auto,0.001,
Ridge,fit,0.008462175099975867,0.00039003362068982324,10000,10000,100,3bb02a1188eee1cdf3bfd0c2d57fd304,03fc9030cf245327135773e50bf5cf0a,1.0,True,True,,False,,auto,0.001,
Ridge,predict,6.331090007734019e-05,5.155308054160526e-05,10000,1,100,3bb02a1188eee1cdf3bfd0c2d57fd304,03fc9030cf245327135773e50bf5cf0a,1.0,True,True,,False,,auto,0.001,
Ridge,predict,0.00018183270008194087,8.703521088972023e-05,10000,1000,100,3bb02a1188eee1cdf3bfd0c2d57fd304,03fc9030cf245327135773e50bf5cf0a,1.0,True,True,,False,,auto,0.001,
