estimator,function,mean,stdev,n_samples_train,n_samples,n_features,hyperparams_digest,dataset_digest,alpha,copy_X,fit_intercept,max_iter,normalize,random_state,solver,tol,n_iter
Ridge,fit,0.051467049500024585,0.002032214922312044,1000,1000,1000,3bb02a1188eee1cdf3bfd0c2d57fd304,df66213c5388dbfe0e8eecb90f7b3609,1.0,True,True,,False,,auto,0.001,
Ridge,predict,0.0001101921999179467,6.944910372031372e-05,1000,1,1000,3bb02a1188eee1cdf3bfd0c2d57fd304,df66213c5388dbfe0e8eecb90f7b3609,1.0,True,True,,False,,auto,0.001,
Ridge,predict,0.000184073699892906,8.811948561407039e-05,1000,100,1000,3bb02a1188eee1cdf3bfd0c2d57fd304,df66213c5388dbfe0e8eecb90f7b3609,1.0,True,True,,False,,auto,0.001,
Ridge,fit,0.012451477099875773,0.0014086567760613305,10000,10000,100,3bb02a1188eee1cdf3bfd0c2d57fd304,03fc9030cf245327135773e50bf5cf0a,1.0,True,True,,False,,auto,0.001,
Ridge,predict,0.00018946380005218088,0.00016120152501692168,10000,1,100,3bb02a1188eee1cdf3bfd0c2d57fd304,03fc9030cf245327135773e50bf5cf0a,1.0,True,True,,False,,auto,0.001,
Ridge,predict,0.00021617429993057158,0.000117122040889084,10000,1000,100,3bb02a1188eee1cdf3bfd0c2d57fd304,03fc9030cf245327135773e50bf5cf0a,1.0,True,True,,False,,auto,0.001,
