estimator,function,mean,stdev,n_samples_train,n_samples,n_features,hyperparams_digest,dataset_digest,C,class_weight,dual,fit_intercept,intercept_scaling,l1_ratio,max_iter,multi_class,n_jobs,penalty,random_state,solver,tol,verbose,warm_start,n_iter
LogisticRegression,fit,0.2821635239000443,0.005830601653222108,1000,1000,1000,f11be2529b0a77bc8fb5ee8de141e6b2,87df8708b64e2831c82c5e60d77c73aa,1.0,,False,True,1,,100,auto,,l2,,lbfgs,0.0001,0,False,[50]
LogisticRegression,predict,0.0001238962000115862,6.930058952832919e-05,1000,1,1000,f11be2529b0a77bc8fb5ee8de141e6b2,87df8708b64e2831c82c5e60d77c73aa,1.0,,False,True,1,,100,auto,,l2,,lbfgs,0.0001,0,False,
LogisticRegression,predict,0.000554507300057594,0.00011645111291770874,1000,100,1000,f11be2529b0a77bc8fb5ee8de141e6b2,87df8708b64e2831c82c5e60d77c73aa,1.0,,False,True,1,,100,auto,,l2,,lbfgs,0.0001,0,False,
LogisticRegression,fit,0.17231189639996955,0.009561131520752652,10000,10000,100,f11be2529b0a77bc8fb5ee8de141e6b2,42d2d17798f0471ec3d5da7cbdf7681d,1.0,,False,True,1,,100,auto,,l2,,lbfgs,0.0001,0,False,[20]
LogisticRegression,predict,0.00013406670000222222,7.11362714981026e-05,10000,1,100,f11be2529b0a77bc8fb5ee8de141e6b2,42d2d17798f0471ec3d5da7cbdf7681d,1.0,,False,True,1,,100,auto,,l2,,lbfgs,0.0001,0,False,
LogisticRegression,predict,0.0004395715000555356,0.00011285080668207931,10000,1000,100,f11be2529b0a77bc8fb5ee8de141e6b2,42d2d17798f0471ec3d5da7cbdf7681d,1.0,,False,True,1,,100,auto,,l2,,lbfgs,0.0001,0,False,
