estimator,function,mean,stdev,n_samples_train,n_samples,n_features,hyperparams_digest,dataset_digest,alpha,copy_X,fit_intercept,max_iter,normalize,random_state,solver,tol,n_iter
Ridge,fit,0.04692027120008788,0.0016417136671697564,1000,1000,1000,3bb02a1188eee1cdf3bfd0c2d57fd304,df66213c5388dbfe0e8eecb90f7b3609,1.0,True,True,,False,,auto,0.001,
Ridge,predict,8.174370009328413e-05,5.7477203389484554e-05,1000,1,1000,3bb02a1188eee1cdf3bfd0c2d57fd304,df66213c5388dbfe0e8eecb90f7b3609,1.0,True,True,,False,,auto,0.001,
Ridge,predict,0.0001503964999301388,7.10911876452936e-05,1000,100,1000,3bb02a1188eee1cdf3bfd0c2d57fd304,df66213c5388dbfe0e8eecb90f7b3609,1.0,True,True,,False,,auto,0.001,
Ridge,fit,0.010870998900009,0.000570565584237763,10000,10000,100,3bb02a1188eee1cdf3bfd0c2d57fd304,03fc9030cf245327135773e50bf5cf0a,1.0,True,True,,False,,auto,0.001,
Ridge,predict,8.015359981072834e-05,5.9311035015877325e-05,10000,1,100,3bb02a1188eee1cdf3bfd0c2d57fd304,03fc9030cf245327135773e50bf5cf0a,1.0,True,True,,False,,auto,0.001,
Ridge,predict,0.00015332680004576105,7.007415030118451e-05,10000,1000,100,3bb02a1188eee1cdf3bfd0c2d57fd304,03fc9030cf245327135773e50bf5cf0a,1.0,True,True,,False,,auto,0.001,
