estimator,function,mean,stdev,n_samples_train,n_samples,n_features,hyperparams_digest,dataset_digest,alpha,copy_X,fit_intercept,max_iter,normalize,random_state,solver,tol,n_iter
Ridge,fit,1.7233238135999727,0.04471647926245026,100000,100000,1000,3bb02a1188eee1cdf3bfd0c2d57fd304,d37c097646138a5a83bc8d6188999c86,1.0,True,True,,False,,auto,0.001,
Ridge,predict,6.14403999861679e-05,6.336136375335218e-05,100000,1,1000,3bb02a1188eee1cdf3bfd0c2d57fd304,d37c097646138a5a83bc8d6188999c86,1.0,True,True,,False,,auto,0.001,
Ridge,predict,0.0007398847000331443,0.00029209071451125166,100000,1000,1000,3bb02a1188eee1cdf3bfd0c2d57fd304,d37c097646138a5a83bc8d6188999c86,1.0,True,True,,False,,auto,0.001,
Ridge,fit,1.1336837939999895,0.015996542273445512,1000000,1000000,100,3bb02a1188eee1cdf3bfd0c2d57fd304,134e84456290c5258f685d9ffb85a11d,1.0,True,True,,False,,auto,0.001,
Ridge,predict,5.748040007347299e-05,5.6004451337643076e-05,1000000,1,100,3bb02a1188eee1cdf3bfd0c2d57fd304,134e84456290c5258f685d9ffb85a11d,1.0,True,True,,False,,auto,0.001,
Ridge,predict,0.00014804089987592307,8.422328253615107e-05,1000000,1000,100,3bb02a1188eee1cdf3bfd0c2d57fd304,134e84456290c5258f685d9ffb85a11d,1.0,True,True,,False,,auto,0.001,
