estimator,function,mean,stdev,n_samples_train,n_samples,n_features,hyperparams_digest,dataset_digest,C,class_weight,dual,fit_intercept,intercept_scaling,l1_ratio,max_iter,multi_class,n_jobs,penalty,random_state,solver,tol,verbose,warm_start,n_iter
LogisticRegression,fit,0.20927558900002624,0.005438348824557809,1000,1000,1000,f11be2529b0a77bc8fb5ee8de141e6b2,87df8708b64e2831c82c5e60d77c73aa,1.0,,False,True,1,,100,auto,,l2,,lbfgs,0.0001,0,False,[46]
LogisticRegression,predict,9.269380007026484e-05,5.2216169811823006e-05,1000,1,1000,f11be2529b0a77bc8fb5ee8de141e6b2,87df8708b64e2831c82c5e60d77c73aa,1.0,,False,True,1,,100,auto,,l2,,lbfgs,0.0001,0,False,
LogisticRegression,predict,0.0003363544999501755,7.852031466340003e-05,1000,100,1000,f11be2529b0a77bc8fb5ee8de141e6b2,87df8708b64e2831c82c5e60d77c73aa,1.0,,False,True,1,,100,auto,,l2,,lbfgs,0.0001,0,False,
LogisticRegression,fit,0.12795178830001533,0.0018681531279920217,10000,10000,100,f11be2529b0a77bc8fb5ee8de141e6b2,42d2d17798f0471ec3d5da7cbdf7681d,1.0,,False,True,1,,100,auto,,l2,,lbfgs,0.0001,0,False,[20]
LogisticRegression,predict,8.746369990149105e-05,5.167051468478736e-05,10000,1,100,f11be2529b0a77bc8fb5ee8de141e6b2,42d2d17798f0471ec3d5da7cbdf7681d,1.0,,False,True,1,,100,auto,,l2,,lbfgs,0.0001,0,False,
LogisticRegression,predict,0.00033023419991877744,7.11602645680156e-05,10000,1000,100,f11be2529b0a77bc8fb5ee8de141e6b2,42d2d17798f0471ec3d5da7cbdf7681d,1.0,,False,True,1,,100,auto,,l2,,lbfgs,0.0001,0,False,
