estimator,function,mean,stdev,n_samples_train,n_samples,n_features,hyperparams_digest,dataset_digest,alpha,copy_X,fit_intercept,max_iter,normalize,random_state,solver,tol,n_iter
Ridge,fit,3.2456280171000342,0.06977065577533911,100000,100000,1000,3bb02a1188eee1cdf3bfd0c2d57fd304,d37c097646138a5a83bc8d6188999c86,1.0,True,True,,False,,auto,0.001,
Ridge,predict,0.000270073600086107,0.00044874564065384184,100000,1,1000,3bb02a1188eee1cdf3bfd0c2d57fd304,d37c097646138a5a83bc8d6188999c86,1.0,True,True,,False,,auto,0.001,
Ridge,predict,0.000936662399863053,0.0002995491479129856,100000,1000,1000,3bb02a1188eee1cdf3bfd0c2d57fd304,d37c097646138a5a83bc8d6188999c86,1.0,True,True,,False,,auto,0.001,
Ridge,fit,1.7144113456000014,0.04267657291744493,1000000,1000000,100,3bb02a1188eee1cdf3bfd0c2d57fd304,134e84456290c5258f685d9ffb85a11d,1.0,True,True,,False,,auto,0.001,
Ridge,predict,9.559130003253813e-05,4.537951623687998e-05,1000000,1,100,3bb02a1188eee1cdf3bfd0c2d57fd304,134e84456290c5258f685d9ffb85a11d,1.0,True,True,,False,,auto,0.001,
Ridge,predict,0.00022244280007726046,9.64278512910285e-05,1000000,1000,100,3bb02a1188eee1cdf3bfd0c2d57fd304,134e84456290c5258f685d9ffb85a11d,1.0,True,True,,False,,auto,0.001,
