estimator,function,mean,stdev,n_samples_train,n_samples,n_features,hyperparams_digest,dataset_digest,alpha,copy_X,fit_intercept,max_iter,normalize,random_state,solver,tol,n_iter,r2_score
Ridge,fit,1.7255251054999008,0.056041868380243366,100000,100000,1000,3bb02a1188eee1cdf3bfd0c2d57fd304,d37c097646138a5a83bc8d6188999c86,1.0,True,True,,False,,auto,0.001,,0.9999999999989957
Ridge,predict,0.0007955314000810176,0.0002512237884260018,100000,1000,1000,3bb02a1188eee1cdf3bfd0c2d57fd304,d37c097646138a5a83bc8d6188999c86,1.0,True,True,,False,,auto,0.001,,0.9999999999989957
Ridge,predict,5.788090006717539e-05,5.2041482076287294e-05,100000,1,1000,3bb02a1188eee1cdf3bfd0c2d57fd304,d37c097646138a5a83bc8d6188999c86,1.0,True,True,,False,,auto,0.001,,0.9999999999989957
Ridge,fit,1.0786991239000145,0.010270206994789593,1000000,1000000,100,3bb02a1188eee1cdf3bfd0c2d57fd304,134e84456290c5258f685d9ffb85a11d,1.0,True,True,,False,,auto,0.001,,0.9999999999989957
Ridge,predict,0.00016840260000208218,8.06052701241232e-05,1000000,1000,100,3bb02a1188eee1cdf3bfd0c2d57fd304,134e84456290c5258f685d9ffb85a11d,1.0,True,True,,False,,auto,0.001,,0.9999999999989957
Ridge,predict,5.5300800022450856e-05,5.033708124125025e-05,1000000,1,100,3bb02a1188eee1cdf3bfd0c2d57fd304,134e84456290c5258f685d9ffb85a11d,1.0,True,True,,False,,auto,0.001,,0.9999999999989957
