estimator,function,mean,stdev,n_samples_train,n_samples,n_features,hyperparams_digest,dataset_digest,alpha,copy_X,fit_intercept,max_iter,normalize,random_state,solver,tol,n_iter
Ridge,fit,2.7412842232,0.037109633554792895,100000,100000,1000,3bb02a1188eee1cdf3bfd0c2d57fd304,d37c097646138a5a83bc8d6188999c86,1.0,True,True,,False,,auto,0.001,
Ridge,predict,8.927100002438237e-05,5.7927195159792606e-05,100000,1,1000,3bb02a1188eee1cdf3bfd0c2d57fd304,d37c097646138a5a83bc8d6188999c86,1.0,True,True,,False,,auto,0.001,
Ridge,predict,0.0007319085999824892,0.0001780608601681759,100000,1000,1000,3bb02a1188eee1cdf3bfd0c2d57fd304,d37c097646138a5a83bc8d6188999c86,1.0,True,True,,False,,auto,0.001,
Ridge,fit,1.42607633599996,0.03596851917674604,1000000,1000000,100,3bb02a1188eee1cdf3bfd0c2d57fd304,134e84456290c5258f685d9ffb85a11d,1.0,True,True,,False,,auto,0.001,
Ridge,predict,9.139379999396624e-05,6.1697641691037e-05,1000000,1,100,3bb02a1188eee1cdf3bfd0c2d57fd304,134e84456290c5258f685d9ffb85a11d,1.0,True,True,,False,,auto,0.001,
Ridge,predict,0.0001722573000279226,7.300206703618966e-05,1000000,1000,100,3bb02a1188eee1cdf3bfd0c2d57fd304,134e84456290c5258f685d9ffb85a11d,1.0,True,True,,False,,auto,0.001,
