estimator,function,mean,stdev,n_samples_train,n_samples,n_features,hyperparams_digest,dataset_digest,C,class_weight,dual,fit_intercept,intercept_scaling,l1_ratio,max_iter,multi_class,n_jobs,penalty,random_state,solver,tol,verbose,warm_start,n_iter
LogisticRegression,fit,0.12366807100002006,0.0009894547562056544,1000,1000,1000,f11be2529b0a77bc8fb5ee8de141e6b2,87df8708b64e2831c82c5e60d77c73aa,1.0,,False,True,1,,100,auto,,l2,,lbfgs,0.0001,0,False,[52]
LogisticRegression,predict,6.332060002023354e-05,5.293820221367233e-05,1000,1,1000,f11be2529b0a77bc8fb5ee8de141e6b2,87df8708b64e2831c82c5e60d77c73aa,1.0,,False,True,1,,100,auto,,l2,,lbfgs,0.0001,0,False,
LogisticRegression,predict,0.00027449320014056867,8.739248791139524e-05,1000,100,1000,f11be2529b0a77bc8fb5ee8de141e6b2,87df8708b64e2831c82c5e60d77c73aa,1.0,,False,True,1,,100,auto,,l2,,lbfgs,0.0001,0,False,
LogisticRegression,fit,0.08839068000002044,0.0006405365757990956,10000,10000,100,f11be2529b0a77bc8fb5ee8de141e6b2,42d2d17798f0471ec3d5da7cbdf7681d,1.0,,False,True,1,,100,auto,,l2,,lbfgs,0.0001,0,False,[21]
LogisticRegression,predict,6.086070002311317e-05,5.0511035638608605e-05,10000,1,100,f11be2529b0a77bc8fb5ee8de141e6b2,42d2d17798f0471ec3d5da7cbdf7681d,1.0,,False,True,1,,100,auto,,l2,,lbfgs,0.0001,0,False,
LogisticRegression,predict,0.00030314360001284515,9.073698112204322e-05,10000,1000,100,f11be2529b0a77bc8fb5ee8de141e6b2,42d2d17798f0471ec3d5da7cbdf7681d,1.0,,False,True,1,,100,auto,,l2,,lbfgs,0.0001,0,False,
