,cu_time,cpu_time,speedup,n_samples,n_features,n_components,algo,dataset_name,input_type
0,0.0784614086151123,0.14740490913391113,1.8786931274328378,16384,1000,10,TSVD,blobs,numpy
1,2.675413131713867,1.2180407047271729,0.4552720065132136,16384,10000,10,TSVD,blobs,numpy
2,0.1292715072631836,0.6418840885162354,4.965394943600564,65536,1000,10,TSVD,blobs,numpy
3,4.012623071670532,5.375936031341553,1.3397560486795106,65536,10000,10,TSVD,blobs,numpy
4,0.08159995079040527,0.4005875587463379,4.909164219660779,16384,1000,100,TSVD,blobs,numpy
5,2.686954975128174,2.805701971054077,1.04419389123565,16384,10000,100,TSVD,blobs,numpy
6,0.13559794425964355,1.6136274337768555,11.900087737960646,65536,1000,100,TSVD,blobs,numpy
7,4.0337817668914795,10.765576124191284,2.6688543769405433,65536,10000,100,TSVD,blobs,numpy
