,cu_time,cpu_time,speedup,n_samples,n_features,n_jobs,algo,dataset_name,input_type
0,1.2825729846954346,69.2220528125763,53.97123878218444,16384,32,-1,TSNE,blobs,numpy
1,1.3262078762054443,76.184011220932,57.44499982831519,16384,256,-1,TSNE,blobs,numpy
2,2.0288686752319336,301.38888692855835,148.55021944389998,65536,32,-1,TSNE,blobs,numpy
3,2.094444990158081,339.95130705833435,162.3109265966809,65536,256,-1,TSNE,blobs,numpy
