,cu_time,cpu_time,speedup,n_samples,n_features,n_components,algo,dataset_name,input_type
0,0.07168340682983398,0.19889044761657715,2.7745674544837726,16384,1000,10,PCA,blobs,numpy
1,2.678514003753662,1.6835861206054688,0.6285522936397181,16384,10000,10,PCA,blobs,numpy
2,0.1189272403717041,0.8737194538116455,7.34667222648787,65536,1000,10,PCA,blobs,numpy
3,4.011470794677734,7.359007835388184,1.834491190899815,65536,10000,10,PCA,blobs,numpy
4,0.06885528564453125,0.31596803665161133,4.588871191135734,16384,1000,100,PCA,blobs,numpy
5,2.669515371322632,3.1958751678466797,1.1971742894528676,16384,10000,100,PCA,blobs,numpy
6,0.11930537223815918,1.3860344886779785,11.61753626576979,65536,1000,100,PCA,blobs,numpy
7,4.004422426223755,12.781872272491455,3.191939039394752,65536,10000,100,PCA,blobs,numpy
