,cu_time,cpu_time,speedup,n_samples,n_features,algo,dataset_name,input_type
0,0.016944169998168945,2.482351064682007,146.50177996032025,16384,32,DBSCAN,blobs,numpy
1,0.03679013252258301,2.9655826091766357,80.60809803705551,16384,256,DBSCAN,blobs,numpy
2,0.16447734832763672,39.21130609512329,238.39943003589093,65536,32,DBSCAN,blobs,numpy
3,0.42573070526123047,46.45919322967529,109.12812408296391,65536,256,DBSCAN,blobs,numpy
