,cu_time,cpu_time,speedup,n_samples,n_features,n_clusters,algo,dataset_name,input_type
0,0.029467344284057617,0.15809178352355957,5.364982402200736,16384,32,8,KMeans,blobs,numpy
1,0.03139925003051758,0.3054826259613037,9.728978420325289,16384,256,8,KMeans,blobs,numpy
2,0.13953089714050293,0.276552677154541,1.9820174801575436,65536,32,8,KMeans,blobs,numpy
3,0.09296178817749023,0.9761052131652832,10.50006924674925,65536,256,8,KMeans,blobs,numpy
4,0.1598491668701172,1.8075366020202637,11.307763671292374,16384,32,100,KMeans,blobs,numpy
5,0.06780028343200684,2.4439477920532227,36.046276923076924,16384,256,100,KMeans,blobs,numpy
6,0.42131996154785156,8.287898063659668,19.671268442186943,65536,32,100,KMeans,blobs,numpy
7,0.2351853847503662,10.100687265396118,42.947767677474225,65536,256,100,KMeans,blobs,numpy
