,cu_time,cpu_time,speedup,n_samples,n_features,n_neighbors,n_jobs,algo,dataset_name,input_type
0,0.12520599365234375,10.770019769668579,86.01840419535678,16384,32,5,-1,NearestNeighbors,blobs,numpy
1,0.13762593269348145,11.943943500518799,86.78555899141612,16384,256,5,-1,NearestNeighbors,blobs,numpy
2,0.1909468173980713,144.74619674682617,758.0445629793892,65536,32,5,-1,NearestNeighbors,blobs,numpy
3,0.24878859519958496,172.78466200828552,694.5039497074735,65536,256,5,-1,NearestNeighbors,blobs,numpy
4,0.20505595207214355,12.575286865234375,61.326124592618946,16384,32,1024,-1,NearestNeighbors,blobs,numpy
5,0.21517181396484375,13.321146488189697,61.90934696663476,16384,256,1024,-1,NearestNeighbors,blobs,numpy
6,0.6695055961608887,152.79898953437805,228.22660543924562,65536,32,1024,-1,NearestNeighbors,blobs,numpy
7,0.704927921295166,179.1438229084015,254.13069548906512,65536,256,1024,-1,NearestNeighbors,blobs,numpy
